PolicyObjLoss,TemplateLoss,Value,Advantage,ObjectLoss,Loss,Valid,EntropyLoss,PolicyLoss,PolicyTemplateLoss,TotalStepsPerEpisode,ValueLoss,StepsPerSecond,ObjectEntropy,Step,TemplateEntropy,ClippedGradNorm,EpisodeScore,UnclippedGradNorm
-0.20235344115644693,0.29067349433898926,0.10024553071707487,-0.054577432572841644,0.0967058539390564,-1.775893211364746,0.0,-0.000977557385340333,-0.3903796374797821,-0.47813878208398813,4.5,0.02356039732694626,0.15222388663445072,0.00936574104707688,8,0.023219567257910967,,,
0.20261118281632662,0.2666413486003876,-0.09930630773305893,0.04863416403532028,0.07269507646560669,8.527887344360352,0.0,-0.0009773559868335724,0.3943353593349457,0.47530681639909744,6.40625,0.023195434361696243,0.2570922615888434,0.009364955360069871,16,0.023213884560391307,42.497688004979864,0.0,42.497688004979864
-0.13445363380014896,0.11623808741569519,0.06176502211019397,-0.03307431936264038,0.03228630870580673,-0.9009549617767334,0.0,-0.0009770762408152223,-0.2606254816055298,-0.30710618756711483,8.109375,0.010283105075359344,0.33306452802433817,0.009362317505292594,24,0.023203859338536855,53.53259803757304,0.0,53.53259803757304
-0.01744442898780107,0.2548033893108368,0.007428615528624505,-0.0024746283888816833,0.0721287876367569,2.106555461883545,0.0,-0.0009757350781001151,-0.020862529054284096,-0.03470481559634209,6.75,0.0007623376441188157,0.39156844060617246,0.009356709779240191,32,0.023169209016487002,27.308839427585305,0.0,27.308839427585305
0.05023271567188203,0.2260039746761322,-0.023048787610605356,0.01113174855709076,0.052442487329244614,3.4957919120788574,0.125,-0.0009726371499709785,0.09546098113059998,0.10962590016424656,8.734375,0.0020614846143871546,0.44545920144220613,0.009343395708128808,40,0.02307695895433426,4.608622262316984,0.0,4.608622262316984
